student_id,name,class,exam,score
1001,Alice,A,midterm,13
1001,Alice,A,final,15
1002,Bob,A,midterm,7
1002,Bob,A,final,11
1003,Charlie,A,midterm,18
1003,Charlie,A,final,16
1004,Diana,A,midterm,
1004,Diana,A,final,12
1005,Ethan,A,midterm,9
1005,Ethan,A,final,10
1006,Fatima,A,midterm,absent
1006,Fatima,A,final,18
1007,Greg,A,midterm,4
1007,Greg,A,final,8
1008,Hannah,A,midterm,19
1008,Hannah,A,final,20
1009,Ibrahim,A,midterm,12
1009,Ibrahim,A,final,11
1010,Julie,A,midterm,14
1010,Julie,A,final,15
1011,Kevin,B,midterm,-2
1011,Kevin,B,final,9
1012,Laura,B,midterm,21
1012,Laura,B,final,19
1013,Mohammed,B,midterm,13
1013,Mohammed,B,final,14
1014,Nina,B,midterm,n/a
1014,Nina,B,final,16
1015,Oscar,B,midterm,8
1015,Oscar,B,final,10
1016,Paul,B,midterm,15
1016,Paul,B,final,17
1017,Quincy,B,midterm,6
1017,Quincy,B,final,8
1018,Rania,B,midterm,10
1018,Rania,B,final,12
1019,Sam,B,midterm,16
1019,Sam,B,final,18
1020,Tina,B,midterm,absent
1020,Tina,B,final,14
1021,Umar,C,midterm,5
1021,Umar,C,final,9
1022,Veerle,C,midterm,17
1022,Veerle,C,final,18
1023,Wim,C,midterm,14
1023,Wim,C,final,15
1024,Xander,C,midterm,
1024,Xander,C,final,11
1025,Yasmine,C,midterm,13
1025,Yasmine,C,final,16
1026,Zara,C,midterm,9
1026,Zara,C,final,10
1027,Arno,C,midterm,2
1027,Arno,C,final,7
1028,Brecht,C,midterm,19
1028,Brecht,C,final,18
1029,Celine,C,midterm,15
1029,Celine,C,final,17
1030,Dries,C,midterm,13
1030,Dries,C,final,14
1031,Elsa,D,midterm,n/a
1031,Elsa,D,final,13
1032,Frederik,D,midterm,8
1032,Frederik,D,final,10
1033,Gitte,D,midterm,11
1033,Gitte,D,final,12
1034,Hugo,D,midterm,12
1034,Hugo,D,final,14
1035,Ilse,D,midterm,13
1035,Ilse,D,final,16
1036,Jeroen,D,midterm,14
1036,Jeroen,D,final,15
1037,Karen,D,midterm,15
1037,Karen,D,final,18
1038,Lars,D,midterm,-1
1038,Lars,D,final,8
1039,Manon,D,midterm,23
1039,Manon,D,final,20
1040,Nordin,D,midterm,9
1040,Nordin,D,final,11
1041,Olivia,E,midterm,17
1041,Olivia,E,final,19
1042,Pieter,E,midterm,18
1042,Pieter,E,final,20
1043,Quinten,E,midterm,16
1043,Quinten,E,final,18
1044,Ruben,E,midterm,15
1044,Ruben,E,final,17
1045,Sarah,E,midterm,absent
1045,Sarah,E,final,13
1046,Thomas,E,midterm,11
1046,Thomas,E,final,12
1047,Ulrike,E,midterm,12
1047,Ulrike,E,final,15
1048,Victor,E,midterm,
1048,Victor,E,final,10
1049,Wendy,E,midterm,15
1049,Wendy,E,final,17
1050,Xenia,E,midterm,16
1050,Xenia,E,final,18
1051,Yorick,F,midterm,9
1051,Yorick,F,final,11
1052,Zoe,F,midterm,10
1052,Zoe,F,final,12
1053,Amber,F,midterm,11
1053,Amber,F,final,13
1054,Bram,F,midterm,12
1054,Bram,F,final,15
1055,Carla,F,midterm,13
1055,Carla,F,final,16
1056,Dylan,F,midterm,14
1056,Dylan,F,final,17
1057,Emma,F,midterm,15
1057,Emma,F,final,18
1058,Finn,F,midterm,16
1058,Finn,F,final,19
1059,Gloria,F,midterm,17
1059,Gloria,F,final,20
1060,Hans,F,midterm,18
1060,Hans,F,final,20